Model,MAE,MSE,RMSE,R2
LSTM,0.85819336,1.30930681,1.144249453,0.975038228
BI-LSTM,0.864876252,1.319738914,1.148798901,0.974839341
GRU,0.846310026,1.31963169,1.148752232,0.974841385
CNN,0.882476324,1.351337665,1.162470501,0.974236915
RNN,0.870141831,1.332472302,1.15432764,0.974596581
